srvy,station,bt,date,vessel_name,notes
EBS,F-14,5.23,5/31/2025,Alaska Knight,
EBS,G-15,5.52,5/31/2025,Alaska Knight,
EBS,G-14,4.50,5/31/2025,Northwest Explorer,
EBS,H-15,4.90,5/31/2025,Northwest Explorer,
EBS,I-15,5.00,5/31/2025,Northwest Explorer,
EBS,H-16,5.74,6/1/2025,Alaska Knight,
EBS,I-16,5.61,6/1/2025,Alaska Knight,
EBS,J-16,5.61,6/1/2025,Alaska Knight,
EBS,K-14,5.86,6/1/2025,Northwest Explorer,
EBS,H-14,4.68,6/2/2025,Alaska Knight,
EBS,I-14,4.92,6/2/2025,Alaska Knight,
EBS,J-14,5.20,6/2/2025,Alaska Knight,
EBS,J-15,5.39,6/2/2025,Alaska Knight,
EBS,J-12,4.79,6/2/2025,Northwest Explorer,
EBS,J-13,4.91,6/2/2025,Northwest Explorer,
EBS,K-12,5.75,6/2/2025,Northwest Explorer,
EBS,K-13,5.25,6/2/2025,Northwest Explorer,
EBS,E-12,4.78,6/3/2025,Alaska Knight,
EBS,F-13,4.66,6/3/2025,Alaska Knight,
EBS,G-13,4.40,6/3/2025,Alaska Knight,
EBS,H-13,4.40,6/3/2025,Alaska Knight,
EBS,G-12,4.42,6/3/2025,Northwest Explorer,
EBS,H-12,4.21,6/3/2025,Northwest Explorer,
EBS,I-12,4.35,6/3/2025,Northwest Explorer,
EBS,I-13,4.65,6/3/2025,Northwest Explorer,
EBS,D-10,4.99,6/4/2025,Alaska Knight,
EBS,E-10,4.28,6/4/2025,Alaska Knight,
EBS,F-10,4.02,6/4/2025,Alaska Knight,
EBS,G-10,4.17,6/4/2025,Alaska Knight,
EBS,E-11,4.72,6/4/2025,Northwest Explorer,
EBS,F-11,4.04,6/4/2025,Northwest Explorer,
EBS,F-12,4.49,6/4/2025,Northwest Explorer,
EBS,G-11,4.26,6/4/2025,Northwest Explorer,
EBS,H-10,4.14,6/5/2025,Alaska Knight,
EBS,I-10,4.50,6/5/2025,Alaska Knight,
EBS,J-10,4.7,6/5/2025,Alaska Knight,
EBS,K-10,5.00,6/5/2025,Alaska Knight,
EBS,H-11,4.35,6/5/2025,Northwest Explorer,
EBS,I-11,4.28,6/5/2025,Northwest Explorer,
EBS,J-11,4.68,6/5/2025,Northwest Explorer,
EBS,K-11,4.93,6/5/2025,Northwest Explorer,
EBS,J-08,4.17,6/6/2025,Alaska Knight,
EBS,K-08,4.55,6/6/2025,Alaska Knight,
EBS,L-08,4.81,6/6/2025,Alaska Knight,
EBS,M-08,4.16,6/6/2025,Alaska Knight,
EBS,I-09,4.21,6/6/2025,Northwest Explorer,
EBS,J-09,4.42,6/6/2025,Northwest Explorer,
EBS,K-09,4.96,6/6/2025,Northwest Explorer,
EBS,L-09,4.96,6/6/2025,Northwest Explorer,
EBS,F-08,3.64,6/7/2025,Alaska Knight,
EBS,G-08,3.85,6/7/2025,Alaska Knight,
EBS,H-08,3.55,6/7/2025,Alaska Knight,
EBS,I-08,3.83,6/7/2025,Alaska Knight,
EBS,E-09,4.63,6/7/2025,Northwest Explorer,
EBS,F-09,3.93,6/7/2025,Northwest Explorer,
EBS,G-09,3.85,6/7/2025,Northwest Explorer,
EBS,H-09,4.00,6/7/2025,Northwest Explorer,
EBS,B-07,4.26,6/8/2025,Alaska Knight,
EBS,C-07,3.75,6/8/2025,Alaska Knight,
EBS,D-08,3.95,6/8/2025,Alaska Knight,
EBS,E-08,4.06,6/8/2025,Alaska Knight,
EBS,B-08,5.39,6/8/2025,Northwest Explorer,
EBS,C-08,4.18,6/8/2025,Northwest Explorer,
EBS,C-09,5.53,6/8/2025,Northwest Explorer,
EBS,D-09,4.36,6/8/2025,Northwest Explorer,
EBS,A-06,5.26,6/9/2025,Alaska Knight,
EBS,B-06,4.26,6/9/2025,Alaska Knight,
EBS,C-06,3.97,6/9/2025,Alaska Knight,
EBS,D-06,3.12,6/9/2025,Alaska Knight,
EBS,D-07,3.49,6/9/2025,Northwest Explorer,
EBS,E-07,3.65,6/9/2025,Northwest Explorer,
EBS,F-07,3.74,6/9/2025,Northwest Explorer,
EBS,G-07,3.41,6/9/2025,Northwest Explorer,
EBS,H-07,3.61,6/10/2025,Northwest Explorer,
EBS,I-07,3.62,6/10/2025,Northwest Explorer,
EBS,E-06,2.82,6/11/2025,Alaska Knight,
EBS,F-06,2.96,6/11/2025,Alaska Knight,
EBS,G-06,3.37,6/11/2025,Alaska Knight,
EBS,H-06,3.28,6/11/2025,Alaska Knight,
EBS,J-07,3.89,6/11/2025,Northwest Explorer,
EBS,K-07,4.24,6/11/2025,Northwest Explorer,
EBS,I-05,3.12,6/12/2025,Alaska Knight,
EBS,I-06,3.43,6/12/2025,Alaska Knight,
EBS,J-05,3.03,6/12/2025,Alaska Knight,
EBS,J-06,3.80,6/12/2025,Alaska Knight,
EBS,L-07,4.78,6/12/2025,Northwest Explorer,
EBS,M-07,4.01,6/12/2025,Northwest Explorer,
EBS,N-06,5.89,6/12/2025,Northwest Explorer,
EBS,N-07,5.27,6/12/2025,Northwest Explorer,
EBS,I-04,3.17,6/13/2025,Alaska Knight,
EBS,J-04,2.85,6/13/2025,Alaska Knight,
EBS,K-04,2.98,6/13/2025,Alaska Knight,
EBS,K-05,3.99,6/13/2025,Northwest Explorer,
EBS,K-06,4.09,6/13/2025,Northwest Explorer,
EBS,L-06,4.46,6/13/2025,Northwest Explorer,
EBS,M-06,4.37,6/13/2025,Northwest Explorer,
EBS,L-04,3.76,6/14/2025,Alaska Knight,
EBS,M-04,3.84,6/14/2025,Alaska Knight,
EBS,N-04,4.12,6/14/2025,Alaska Knight,
EBS,O-04,4.44,6/14/2025,Alaska Knight,
EBS,L-05,4.17,6/14/2025,Northwest Explorer,
EBS,M-05,4.08,6/14/2025,Northwest Explorer,
EBS,N-05,4.19,6/14/2025,Northwest Explorer,
EBS,L-02,2.63,6/15/2025,Alaska Knight,
EBS,M-02,2.46,6/15/2025,Alaska Knight,
EBS,N-02,3.15,6/15/2025,Alaska Knight,
EBS,O-02,3.86,6/15/2025,Alaska Knight,
EBS,L-03,3.26,6/15/2025,Northwest Explorer,
EBS,M-03,3.37,6/15/2025,Northwest Explorer,
EBS,N-03,3.92,6/15/2025,Northwest Explorer,
EBS,O-03,4.03,6/15/2025,Northwest Explorer,
EBS,H-02,1.37,6/16/2025,Alaska Knight,
EBS,I-02,1.66,6/16/2025,Alaska Knight,
EBS,J-02,2.43,6/16/2025,Alaska Knight,
EBS,K-02,3.02,6/16/2025,Alaska Knight,
EBS,H-03,2.68,6/16/2025,Northwest Explorer,
EBS,I-03,3.06,6/16/2025,Northwest Explorer,
EBS,J-03,3.15,6/16/2025,Northwest Explorer,
EBS,K-03,3.23,6/16/2025,Northwest Explorer,
EBS,F-04,2.82,6/17/2025,Alaska Knight,
EBS,G-02,2.87,6/17/2025,Alaska Knight,
EBS,G-03,2.50,6/17/2025,Alaska Knight,
EBS,G-04,2.84,6/17/2025,Alaska Knight,
EBS,F-05,2.73,6/17/2025,Northwest Explorer,
EBS,G-05,3.19,6/17/2025,Northwest Explorer,
EBS,H-04,3.64,6/17/2025,Northwest Explorer,
EBS,H-05,3.33,6/17/2025,Northwest Explorer,
EBS,B-04,4.45,6/18/2025,Alaska Knight,
EBS,C-04,4.60,6/18/2025,Alaska Knight,
EBS,D-04,4.39,6/18/2025,Alaska Knight,
EBS,E-04,3.89,6/18/2025,Alaska Knight,
EBS,B-05,4.80,6/18/2025,Northwest Explorer,
EBS,C-05,4.96,6/18/2025,Northwest Explorer,
EBS,D-05,3.24,6/18/2025,Northwest Explorer,
EBS,E-05,2.92,6/18/2025,Northwest Explorer,
EBS,A-04,4.56,6/22/2025,Northwest Explorer,
EBS,A-05,4.80,6/22/2025,Northwest Explorer,
EBS,AZ0504,4.44,6/22/2025,Northwest Explorer,
EBS,Z-05,6.38,6/22/2025,Northwest Explorer,
EBS,A-02,4.39,6/23/2025,Alaska Knight,
EBS,B-02,4.51,6/23/2025,Alaska Knight,
EBS,C-02,4.56,6/23/2025,Alaska Knight,
EBS,D-02,4.61,6/23/2025,Alaska Knight,
EBS,A-03,4.44,6/23/2025,Northwest Explorer,
EBS,B-03,4.50,6/23/2025,Northwest Explorer,
EBS,C-03,4.51,6/23/2025,Northwest Explorer,
EBS,D-03,4.56,6/23/2025,Northwest Explorer,
EBS,E-02,4.29,6/24/2025,Alaska Knight,
EBS,E-03,3.59,6/24/2025,Alaska Knight,
EBS,F-02,3.12,6/24/2025,Alaska Knight,
EBS,F-03,2.84,6/24/2025,Alaska Knight,
EBS,B-01,4.42,6/24/2025,Northwest Explorer,
EBS,C-01,4.66,6/24/2025,Northwest Explorer,
EBS,D-01,4.72,6/24/2025,Northwest Explorer,
EBS,E-01,4.49,6/24/2025,Northwest Explorer,
EBS,F-01,3.94,6/25/2025,Alaska Knight,
EBS,G-01,3.05,6/25/2025,Alaska Knight,
EBS,H-01,2.43,6/25/2025,Alaska Knight,
EBS,I-01,1.91,6/25/2025,Alaska Knight,
EBS,C-18,4.46,6/25/2025,Northwest Explorer,
EBS,D-18,4.29,6/25/2025,Northwest Explorer,
EBS,E-18,4.31,6/25/2025,Northwest Explorer,
EBS,F-18,3.92,6/25/2025,Northwest Explorer,
EBS,J-01,2.10,6/26/2025,Alaska Knight,
EBS,K-01,3.07,6/26/2025,Alaska Knight,
EBS,L-01,3.92,6/26/2025,Alaska Knight,
EBS,M-01,2.93,6/26/2025,Alaska Knight,
EBS,G-18,3.07,6/26/2025,Northwest Explorer,
EBS,H-18,3.54,6/26/2025,Northwest Explorer,
EBS,I-18,2.59,6/26/2025,Northwest Explorer,
EBS,J-18,2.31,6/26/2025,Northwest Explorer,
EBS,N-01,3.76,6/27/2025,Alaska Knight,
EBS,O-01,4.52,6/27/2025,Alaska Knight,
EBS,P-01,5.16,6/27/2025,Alaska Knight,
EBS,Q-02,5.87,6/27/2025,Alaska Knight,
EBS,K-18,2.06,6/27/2025,Northwest Explorer,
EBS,L-18,3.55,6/27/2025,Northwest Explorer,
EBS,M-18,3.22,6/27/2025,Northwest Explorer,
EBS,N-18,3.05,6/27/2025,Northwest Explorer,
EBS,Q-01,4.79,6/28/2025,Alaska Knight,
EBS,Q-18,2.27,6/28/2025,Alaska Knight,
EBS,Q-19,1.72,6/28/2025,Alaska Knight,
EBS,Q-20,0.55,6/28/2025,Alaska Knight,
EBS,O-18,3.02,6/28/2025,Northwest Explorer,
EBS,O-19,2.00,6/28/2025,Northwest Explorer,
EBS,P-18,2.65,6/28/2025,Northwest Explorer,
EBS,P-19,2.00,6/28/2025,Northwest Explorer,
EBS,M-20,0.54,6/29/2025,Alaska Knight,
EBS,N-20,0.62,6/29/2025,Alaska Knight,
EBS,O-20,1.63,6/29/2025,Alaska Knight,
EBS,P-20,1.24,6/29/2025,Alaska Knight,
EBS,K-19,1.13,6/29/2025,Northwest Explorer,
EBS,L-19,1.07,6/29/2025,Northwest Explorer,
EBS,M-19,2.73,6/29/2025,Northwest Explorer,
EBS,N-19,2.38,6/29/2025,Northwest Explorer,
EBS,J-20,0.44,6/30/2025,Alaska Knight,
EBS,K-20,0.67,6/30/2025,Alaska Knight,
EBS,L-20,0.56,6/30/2025,Alaska Knight,
EBS,H-19,3.41,6/30/2025,Northwest Explorer,
EBS,I-19,3.26,6/30/2025,Northwest Explorer,
EBS,J-19,1.96,6/30/2025,Northwest Explorer,
EBS,F-20,4.55,7/1/2025,Alaska Knight,
EBS,G-20,2.24,7/1/2025,Alaska Knight,
EBS,H-20,1.26,7/1/2025,Alaska Knight,
EBS,I-20,2.82,7/1/2025,Alaska Knight,
EBS,E-19,4.46,7/1/2025,Northwest Explorer,
EBS,E-20,4.32,7/1/2025,Northwest Explorer,
EBS,F-19,3.41,7/1/2025,Northwest Explorer,
EBS,G-19,3.44,7/1/2025,Northwest Explorer,
EBS,E-21,4.15,7/2/2025,Alaska Knight,
EBS,F-21,3.74,7/2/2025,Alaska Knight,
EBS,G-21,3.50,7/2/2025,Alaska Knight,
EBS,G-22,3.09,7/2/2025,Alaska Knight,
EBS,E-22,4.21,7/2/2025,Northwest Explorer,
EBS,F-22,3.67,7/2/2025,Northwest Explorer,
EBS,H-21,4.23,7/3/2025,Northwest Explorer,
EBS,I-21,0.61,7/3/2025,Northwest Explorer,
EBS,H-22,3.17,7/4/2025,Alaska Knight,
EBS,I-22,2.29,7/4/2025,Alaska Knight,
EBS,J-22,1.63,7/4/2025,Alaska Knight,
EBS,K-22,1.41,7/4/2025,Alaska Knight,
EBS,J-21,0.92,7/4/2025,Northwest Explorer,
EBS,K-21,0.42,7/4/2025,Northwest Explorer,
EBS,L-21,0.45,7/4/2025,Northwest Explorer,
EBS,M-21,0.44,7/4/2025,Northwest Explorer,
EBS,L-22,1.13,7/5/2025,Alaska Knight,
EBS,M-22,0.60,7/5/2025,Alaska Knight,
EBS,N-22,0.26,7/5/2025,Alaska Knight,
EBS,O-22,-0.05,7/5/2025,Alaska Knight,
EBS,N-21,0.31,7/5/2025,Northwest Explorer,
EBS,O-21,0.11,7/5/2025,Northwest Explorer,
EBS,P-21,0.02,7/5/2025,Northwest Explorer,
EBS,Q-21,-0.08,7/5/2025,Northwest Explorer,
EBS,L-23,1.67,7/6/2025,Alaska Knight,
EBS,M-23,1.40,7/6/2025,Alaska Knight,
EBS,N-23,0.78,7/6/2025,Alaska Knight,
EBS,O-23,0.32,7/6/2025,Alaska Knight,
EBS,P-22,-0.41,7/6/2025,Northwest Explorer,
EBS,Q-22,-0.56,7/6/2025,Northwest Explorer,
EBS,R-22,-1.03,7/6/2025,Northwest Explorer,
EBS,S-22,-1.08,7/6/2025,Northwest Explorer,
EBS,H-24,3.56,7/7/2025,Alaska Knight,
EBS,I-24,3.37,7/7/2025,Alaska Knight,
EBS,J-24,3.07,7/7/2025,Alaska Knight,
EBS,K-24,2.75,7/7/2025,Alaska Knight,
EBS,H-23,3.23,7/7/2025,Northwest Explorer,
EBS,I-23,3.27,7/7/2025,Northwest Explorer,
EBS,J-23,2.96,7/7/2025,Northwest Explorer,
EBS,K-23,2.17,7/7/2025,Northwest Explorer,
EBS,F-24,4.00,7/8/2025,Alaska Knight,
EBS,G-24,3.91,7/8/2025,Alaska Knight,
EBS,F-23,3.70,7/8/2025,Northwest Explorer,
EBS,G-23,3.42,7/8/2025,Northwest Explorer,
EBS,G-26,4.10,7/13/2025,Alaska Knight,
EBS,H-26,4.06,7/13/2025,Alaska Knight,
EBS,I-26,4.13,7/13/2025,Alaska Knight,
EBS,J-26,3.44,7/13/2025,Alaska Knight,
EBS,F-25,4.27,7/13/2025,Northwest Explorer,
EBS,G-25,4.12,7/13/2025,Northwest Explorer,
EBS,H-25,4.10,7/13/2025,Northwest Explorer,
EBS,K-26,3.83,7/14/2025,Alaska Knight,
EBS,L-26,3.73,7/14/2025,Alaska Knight,
EBS,M-26,2.74,7/14/2025,Alaska Knight,
EBS,N-26,2.34,7/14/2025,Alaska Knight,
EBS,I-25,3.69,7/14/2025,Northwest Explorer,
EBS,J-25,3.24,7/14/2025,Northwest Explorer,
EBS,K-25,3.19,7/14/2025,Northwest Explorer,
EBS,L-25,2.95,7/14/2025,Northwest Explorer,
EBS,L-24,2.71,7/15/2025,Northwest Explorer,
EBS,M-24,2.38,7/15/2025,Northwest Explorer,
EBS,M-25,2.69,7/16/2025,Alaska Knight,
EBS,N-25,2.18,7/16/2025,Alaska Knight,
EBS,O-25,1.67,7/16/2025,Alaska Knight,
EBS,P-25,0.09,7/16/2025,Alaska Knight,
EBS,N-24,1.77,7/16/2025,Northwest Explorer,
EBS,O-24,1.03,7/16/2025,Northwest Explorer,
EBS,P-23,-0.17,7/16/2025,Northwest Explorer,
EBS,P-24,-0.33,7/16/2025,Northwest Explorer,
EBS,O-26,2.12,7/17/2025,Alaska Knight,
EBS,P-26,1.61,7/17/2025,Alaska Knight,
EBS,Q-25,0.30,7/17/2025,Alaska Knight,
EBS,Q-26,0.85,7/17/2025,Alaska Knight,
EBS,Q-23,-0.96,7/17/2025,Northwest Explorer,
EBS,R-23,-1.13,7/17/2025,Northwest Explorer,
EBS,S-23,-1.23,7/17/2025,Northwest Explorer,
EBS,S-24,0.21,7/17/2025,Northwest Explorer,
EBS,N-27,2.68,7/18/2025,Alaska Knight,
EBS,N-28,2.98,7/18/2025,Alaska Knight,
EBS,O-27,2.23,7/18/2025,Alaska Knight,
EBS,O-28,2.76,7/18/2025,Alaska Knight,
EBS,R-24,1.70,7/18/2025,Northwest Explorer,
EBS,R-25,-0.25,7/18/2025,Northwest Explorer,
EBS,S-25,-0.35,7/18/2025,Northwest Explorer,
EBS,S-26,0.56,7/18/2025,Northwest Explorer,
EBS,P-27,1.95,7/19/2025,Northwest Explorer,
EBS,Q-27,1.65,7/19/2025,Northwest Explorer,
EBS,R-26,0.61,7/19/2025,Northwest Explorer,
EBS,R-27,1.12,7/19/2025,Northwest Explorer,
EBS,K-27,4.12,7/19/2025,Alaska Knight,
EBS,L-27,4.06,7/19/2025,Alaska Knight,
EBS,M-27,3.06,7/19/2025,Alaska Knight,
EBS,M-28,3.23,7/19/2025,Alaska Knight,
EBS,L-28,3.56,7/20/2025,Alaska Knight,
EBS,L-29,3.54,7/20/2025,Alaska Knight,
EBS,L-30,3.77,7/20/2025,Alaska Knight,
EBS,L-31,3.48,7/20/2025,Alaska Knight,
EBS,N-29,2.15,7/20/2025,Northwest Explorer,
EBS,O-29,2.44,7/20/2025,Northwest Explorer,
EBS,P-28,2.40,7/20/2025,Northwest Explorer,
EBS,P-29,2.76,7/20/2025,Northwest Explorer,
EBS,M-29,2.67,7/21/2025,Northwest Explorer,
EBS,M-30,,7/21/2025,Northwest Explorer,
EBS,N-30,,7/21/2025,Northwest Explorer,
EBS,O-30,,7/21/2025,Northwest Explorer,
EBS,M-31,,7/21/2025,Alaska Knight,
EBS,M-32,,7/21/2025,Alaska Knight,
EBS,N-31,,7/21/2025,Alaska Knight,
EBS,O-31,,7/21/2025,Alaska Knight,
EBS,P-30,,,,
EBS,P-31,,,,
EBS,P-32,,,,
EBS,Q-28,,,,
EBS,Q-29,,,,
EBS,Q-30,,,,
EBS,Q-31,,,,
EBS,R-28,,,,
EBS,R-29,,,,
EBS,R-30,,,,
EBS,R-31,,,,
EBS,R-32,,,,
EBS,S-27,,,,
EBS,S-28,,,,
EBS,S-29,,,,
EBS,S-30,,,,
EBS,S-31,,,,
EBS,T-25,,,,
EBS,T-26,,,,
EBS,T-27,,,,
EBS,T-28,,,,
EBS,T-29,,,,
EBS,T-30,,,,
EBS,U-25,,,,
EBS,U-26,,,,
EBS,U-27,,,,
EBS,U-28,,,,
EBS,U-29,,,,
EBS,V-25,,,,
EBS,V-26,,,,
EBS,V-27,,,,
EBS,V-28,,,,
NBS,AA-01,,,,
NBS,AA-02,,,,
NBS,AA-03,,,,
NBS,AA-04,,,,
NBS,AA-05,,,,
NBS,AA-06,,,,
NBS,AA-07,,,,
NBS,AA-08,,,,
NBS,AA-18,,,,
NBS,AA-19,,,,
NBS,AA-21,,,,
NBS,AA-22,,,,
NBS,AA-23,,,,
NBS,BB-01,,,,
NBS,BB-02,,,,
NBS,BB-03,,,,
NBS,BB-04,,,,
NBS,BB-05,,,,
NBS,BB-06,,,,
NBS,BB-07,,,,
NBS,BB-08,,,,
NBS,BB-09,,,,
NBS,BB-10,,,,
NBS,BB-18,,,,
NBS,BB-19,,,,
NBS,BB-20,,,,
NBS,BB-21,,,,
NBS,BB-22,,,,
NBS,CC-01,,,,
NBS,CC-02,,,,
NBS,CC-03,,,,
NBS,CC-04,,,,
NBS,CC-05,,,,
NBS,CC-06,,,,
NBS,CC-07,,,,
NBS,CC-08,,,,
NBS,CC-09,,,,
NBS,CC-10,,,,
NBS,CC-18,,,,
NBS,CC-19,,,,
NBS,CC-20,,,,
NBS,CC-21,,,,
NBS,DD-01,,,,
NBS,DD-02,,,,
NBS,DD-03,,,,
NBS,DD-18,,,,
NBS,DD-19,,,,
NBS,DD-20,,,,
NBS,EE-01,,,,
NBS,EE-02,,,,
NBS,EE-18,,,,
NBS,EE-19,,,,
NBS,FF-01,,,,
NBS,FF-02,,,,
NBS,FF-18,,,,
NBS,R-01,,,,
NBS,R-02,,,,
NBS,R-03,,,,
NBS,R-18,,,,
NBS,R-19,,,,
NBS,R-20,,,,
NBS,R-21,,,,
NBS,S-01,,,,
NBS,S-02,,,,
NBS,S-03,,,,
NBS,S-18,,,,
NBS,S-19,,,,
NBS,S-20,,,,
NBS,S-21,,,,
NBS,T-01,,,,
NBS,T-02,,,,
NBS,T-03,,,,
NBS,T-18,,,,
NBS,T-19,,,,
NBS,T-20,,,,
NBS,T-21,,,,
NBS,T-22,,,,
NBS,T-23,,,,
NBS,T-24,,,,
NBS,U-01,,,,
NBS,U-02,,,,
NBS,U-03,,,,
NBS,U-18,,,,
NBS,U-19,,,,
NBS,U-20,,,,
NBS,U-21,,,,
NBS,U-22,,,,
NBS,U-23,,,,
NBS,U-24,,,,
NBS,V-01,,,,
NBS,V-02,,,,
NBS,V-03,,,,
NBS,V-18,,,,
NBS,V-19,,,,
NBS,V-20,,,,
NBS,V-21,,,,
NBS,V-22,,,,
NBS,V-23,,,,
NBS,V-24,,,,
NBS,W-01,,,,
NBS,W-02,,,,
NBS,W-03,,,,
NBS,W-18,,,,
NBS,W-19,,,,
NBS,W-20,,,,
NBS,W-21,,,,
NBS,W-22,,,,
NBS,W-23,,,,
NBS,W-24,,,,
NBS,W-25,,,,
NBS,W-26,,,,
NBS,W-27,,,,
NBS,X-01,,,,
NBS,X-02,,,,
NBS,X-03,,,,
NBS,X-18,,,,
NBS,X-19,,,,
NBS,X-20,,,,
NBS,X-21,,,,
NBS,X-22,,,,
NBS,X-23,,,,
NBS,X-24,,,,
NBS,X-25,,,,
NBS,X-26,,,,
NBS,Y-01,,,,
NBS,Y-02,,,,
NBS,Y-03,,,,
NBS,Y-04,,,,
NBS,Y-18,,,,
NBS,Y-20,,,,
NBS,Y-21,,,,
NBS,Y-22,,,,
NBS,Y-23,,,,
NBS,Y-24,,,,
NBS,Y-25,,,,
NBS,ZZ-01,,,,
NBS,ZZ-02,,,,
NBS,ZZ-03,,,,
NBS,ZZ-04,,,,
NBS,ZZ-05,,,,
NBS,ZZ-21,,,,
NBS,ZZ-22,,,,
NBS,ZZ-23,,,,
NBS,ZZ-24,,,,